{
  "train_loss": [
    4.253134775353244,
    3.71456153230016,
    3.4778293146187043,
    3.3339221305157767,
    3.1613477511578294,
    3.0248447355017603,
    2.8829033518412026,
    2.7472662269829744,
    2.641743222393664,
    2.485463617317169,
    2.3810134618636596,
    2.2699508571241753,
    2.145311561933004,
    2.0638855647849272,
    1.9647420644760132,
    1.856281068430368,
    1.7684863056523732,
    1.693621205517566,
    1.5981296190775063,
    1.554450988290779,
    1.470339413388187,
    1.3969784235379783,
    1.3197091219415626,
    1.2644775330302227,
    1.181151181818491,
    0.9414729783573303,
    0.8707760421626539,
    0.8029412550619807,
    0.7662943316152296,
    0.7384661390599476,
    0.6897068892018383,
    0.6697261793067656,
    0.6528215961283949,
    0.6190070883935714,
    0.6044796723797619,
    0.6044135984766436,
    0.5939281881454,
    0.5987653477364275,
    0.5881207657147602,
    0.5957784767012041,
    0.5842010639458296,
    0.5809598619559683,
    0.5895877879068075,
    0.5754583719145342
  ],
  "val_loss": [
    3.7448843240737917,
    3.4435161399841308,
    3.2888747453689575,
    3.1928847789764405,
    3.0580209159851073,
    2.922218189239502,
    2.879133336544037,
    2.8059934258460997,
    2.6809748888015745,
    2.621487317085266,
    2.6380617570877076,
    2.5390321469306945,
    2.5245731961727143,
    2.449364153146744,
    2.4587308740615845,
    2.4845157158374787,
    2.4426113104820253,
    2.5253396892547606,
    2.5062523603439333,
    2.5134467554092406,
    2.5578868889808657,
    2.5536516427993776,
    2.5084990644454956,
    2.620004187822342,
    2.568514890670776,
    2.519621297121048,
    2.576971546411514,
    2.635872639417648,
    2.6990985000133514,
    2.797962245941162,
    2.846515815258026,
    2.901889683008194,
    2.9193683505058288,
    2.9414643931388853,
    2.9410742950439452,
    2.9478259336948396,
    2.96987548828125,
    2.9904096710681913,
    2.9978258955478667,
    2.9836678183078766,
    3.016305162906647,
    3.0200606310367584,
    3.023590930700302,
    3.037481678724289
  ],
  "train_accuracy": [
    0.039632611977856065,
    0.07649723200805233,
    0.10505787619526925,
    0.12883744338198289,
    0.15941117262204327,
    0.1859587317564167,
    0.2299949672873679,
    0.24899345747357826,
    0.2732762959235028,
    0.3119023653749371,
    0.33933064921992956,
    0.3577000503271263,
    0.39368394564670356,
    0.4141922496225465,
    0.43910417715148464,
    0.4676648213387016,
    0.49748364368394565,
    0.5147206844489179,
    0.5361097131353799,
    0.5410166079516859,
    0.5718419728233518,
    0.5966280825364871,
    0.6129843985908404,
    0.6302214393558128,
    0.6474584801207851,
    0.7176648213387016,
    0.7425767488676397,
    0.758429793658782,
    0.7684952189229995,
    0.7700050327126321,
    0.7868646200301963,
    0.7922747861097131,
    0.7975591343734273,
    0.8052340211373931,
    0.8149219929542023,
    0.8151736285858078,
    0.8136638147961751,
    0.8173125314544539,
    0.8180674383492702,
    0.8137896326119779,
    0.8220936084549573,
    0.8183190739808757,
    0.8151736285858078,
    0.8191997986914947
  ],
  "val_accuracy": [
    0.09754562617998741,
    0.1157960981749528,
    0.1529263687853996,
    0.16299559471365638,
    0.19320327249842667,
    0.21522970421648835,
    0.23348017621145375,
    0.2592825676526117,
    0.30081812460667084,
    0.3278791692888609,
    0.31340465701699183,
    0.3392070484581498,
    0.34235368156073004,
    0.3631214600377596,
    0.37256135934550033,
    0.3706733794839522,
    0.39395846444304594,
    0.38451856513530525,
    0.40969162995594716,
    0.39269981120201386,
    0.42164883574575207,
    0.394587791063562,
    0.4052863436123348,
    0.40339836375078664,
    0.4197608558842039,
    0.4487098804279421,
    0.45311516677155445,
    0.460037759597231,
    0.4682190056639396,
    0.4550031466331026,
    0.4556324732536186,
    0.45689112649465075,
    0.4487098804279421,
    0.4581497797356828,
    0.4581497797356828,
    0.4512271869100063,
    0.4512271869100063,
    0.4556324732536186,
    0.45877910635619884,
    0.45877910635619884,
    0.4581497797356828,
    0.460037759597231,
    0.45877910635619884,
    0.45689112649465075
  ],
  "best_val_accuracy": 0.4682190056639396,
  "best_epoch": 29
}